{"assets/images/background/homepageBackground.jpeg":["assets/images/background/homepageBackground.jpeg"],"assets/images/carosual_images/receipe_image_1.jpg":["assets/images/carosual_images/receipe_image_1.jpg"],"assets/images/carosual_images/receipe_image_2.jpg":["assets/images/carosual_images/receipe_image_2.jpg"],"assets/images/carosual_images/receipe_image_3.jpg":["assets/images/carosual_images/receipe_image_3.jpg"],"assets/images/carosual_images/receipe_image_4.jpg":["assets/images/carosual_images/receipe_image_4.jpg"],"assets/images/carosual_images/receipe_image_5.jpg":["assets/images/carosual_images/receipe_image_5.jpg"],"assets/images/recipes_images/Bangers_and_Mash.jpg":["assets/images/recipes_images/Bangers_and_Mash.jpg"],"assets/images/recipes_images/Beef_Wellington.jpg":["assets/images/recipes_images/Beef_Wellington.jpg"],"assets/images/recipes_images/Chicken_Tikka_Masala.jpg":["assets/images/recipes_images/Chicken_Tikka_Masala.jpg"],"assets/images/recipes_images/Cornish_Pasty.jpg":["assets/images/recipes_images/Cornish_Pasty.jpg"],"assets/images/recipes_images/Fish_and_Chips.jpg":["assets/images/recipes_images/Fish_and_Chips.jpg"],"assets/images/recipes_images/Lancashire_Hotpot.jpg":["assets/images/recipes_images/Lancashire_Hotpot.jpg"],"assets/images/recipes_images/Ploughman_Lunch.jpg":["assets/images/recipes_images/Ploughman_Lunch.jpg"],"assets/images/recipes_images/Scotch_Egg.jpg":["assets/images/recipes_images/Scotch_Egg.jpg"],"assets/images/recipes_images/Shepherd_Pie.jpg":["assets/images/recipes_images/Shepherd_Pie.jpg"],"assets/images/recipes_images/Toad_in_the_Hole.jpg":["assets/images/recipes_images/Toad_in_the_Hole.jpg"],"assets/images/recipes_images/human_avatar.jpg":["assets/images/recipes_images/human_avatar.jpg"],"packages/cupertino_icons/assets/CupertinoIcons.ttf":["packages/cupertino_icons/assets/CupertinoIcons.ttf"],"packages/font_awesome_flutter/lib/fonts/fa-brands-400.ttf":["packages/font_awesome_flutter/lib/fonts/fa-brands-400.ttf"],"packages/font_awesome_flutter/lib/fonts/fa-regular-400.ttf":["packages/font_awesome_flutter/lib/fonts/fa-regular-400.ttf"],"packages/font_awesome_flutter/lib/fonts/fa-solid-900.ttf":["packages/font_awesome_flutter/lib/fonts/fa-solid-900.ttf"]}